{"accuracy": [0.5944234728813171, 0.8567607998847961, 0.9121701121330261, 0.9415605664253235, 0.9553169012069702, 0.9650899767875671, 0.9725158214569092, 0.9775944352149963, 0.9794437885284424, 0.9815776348114014, 0.9841524958610535, 0.9859734177589417, 0.9867416024208069, 0.9893022179603577, 0.9889465570449829], "loss": [1.3758958578109741, 0.4529331624507904, 0.2715536653995514, 0.17992635071277618, 0.1360170990228653, 0.10427625477313995, 0.08487272262573242, 0.06936278939247131, 0.06351625174283981, 0.05729581415653229, 0.04823645204305649, 0.045325130224227905, 0.04001739248633385, 0.035167843103408813, 0.03525286167860031], "val_accuracy": [0.8371841311454773, 0.9128727316856384, 0.9224902987480164, 0.9446847438812256, 0.9405303597450256, 0.9556680917739868, 0.9565786719322205, 0.9587981104850769, 0.967277467250824, 0.9684725403785706, 0.9658547639846802, 0.9550990462303162, 0.9605053663253784, 0.9731959700584412, 0.9629524350166321], "val_loss": [0.5127478241920471, 0.25893256068229675, 0.24582281708717346, 0.16998548805713654, 0.1799532175064087, 0.14322540163993835, 0.15217308700084686, 0.13670092821121216, 0.11273442208766937, 0.10612735152244568, 0.11586169898509979, 0.16590231657028198, 0.14401617646217346, 0.10249309986829758, 0.1499883532524109]}